{
  "region_app_count": 0.15713492035865784,
  "region_code": 0.11076237261295319,
  "subsidy_program_name_code": 0.07206788659095764,
  "normative_numeric": 0.06948202848434448,
  "livestock_direction_code": 0.049962058663368225,
  "region_mean_amount": 0.043767400085926056,
  "application_month": 0.041110094636678696,
  "days_since_year_start": 0.03553735464811325,
  "amount_per_normative": 0.03141973167657852,
  "duplicate_application_flag": 0.031332243233919144,
  "farm_district_code": 0.02787664905190468,
  "tax_compliance_flag": 0.021570900455117226,
  "eligible_amount_numeric": 0.02154497429728508,
  "years_in_agribusiness": 0.020962638780474663,
  "application_dow": 0.020823441445827484,
  "subsidy_utilization_rate": 0.020107349380850792,
  "doc_fraud_risk_score": 0.020102210342884064,
  "livestock_head_equivalent": 0.01935134083032608,
  "farm_size_ha": 0.019236383959650993,
  "merit_index_heuristic": 0.019228292629122734,
  "prior_subsidy_total_kzt_3y": 0.018989576026797295,
  "seller_verified": 0.018763961270451546,
  "log_eligible_amount": 0.018735360354185104,
  "land_area_per_head": 0.01856936141848564,
  "prior_subsidy_count_3y": 0.01828315295279026,
  "contract_completeness_score": 0.018252966925501823,
  "buyer_verified": 0.017914222553372383,
  "vet_registry_match": 0.01711106114089489
}